Date,Emotion_Label,Emotion_Probability,Original_Tweet,Cleaned_Tweet,Similarity_Score,Original_Length,Cleaned_Length,Length_Difference,Original_Language,Original_Likes,Original_Retweets,Original_Replies,Original_Hashtags,Original_URLs
2019-05-29,neutral,0.5839300155639648,@ITU Report ‚Äì¬†Artificial Intelligence systems for programme production and exchange¬†‚Äì   https://t.co/LtWuAoiIps  https://t.co/NQTIBlJc3U,report artificial intelligence systems programme production exchange,0.5384615384615384,136,68,68,en,1,0,0,[],['https://www.itu.int/en/mediacentre/Pages/2019-PR09.aspx']
2018-12-27,neutral,0.4147469997406006,"‚ú®The $3 TRILLION DOLLARS in Tax Cuts that Donald J. #Trump and #Republicans in Congress gave the SUPER RICH and BIG CORPORATIONS will enable them to #Automate their Factories and Supply Chains with #Robots and #ArtificialIntelligence - #AI, and REPLACE Human Workers / Labor.  https://t.co/Y0wWyiLOuh","trillion dollars tax cuts donald j. trump republicans congress gave super rich big corporations enable automate factories supply chains robots artificialintelligence ai , replace human workers labor.",0.425531914893617,300,199,101,en,2,2,2,"['trump', 'republicans', 'automate', 'robots', 'artificialintelligence', 'ai']",[]
2018-12-28,neutral,0.4436266720294952,"Join us for the Launch of Alliance for Artificial Intelligence in Healthcare during JP Morgan in San Francisco. #aaih2019 #AAIH2019 When: Monday, January 7, 2019  4:00 pm Where: Parc 55 San Francisco ‚Äì A Hilton Hotel, 4th Floor, Cyril Magnin Ballroom  https://t.co/MW5R4NCJDM  https://t.co/gwhRUOycTH","join us launch alliance artificial intelligence healthcare jp morgan san francisco. aaih2019 aaih2019: monday , january ,: pm: parc san francisco hilton hotel , 4th floor , cyril magnin ballroom",0.4042553191489361,300,194,106,en,10,4,1,"['aaih2019', 'aaih2019']",['https://theaaih.org/']
2017-05-27,neutral,0.613934338092804,Tech companies increase acquisitions to to build artificial intelligence  https://t.co/mu7v1qK4NI,tech companies increase acquisitions build artificial intelligence,0.7777777777777778,97,66,31,en,0,0,0,[],['http://ift.tt/2qpgRhz']
2017-04-27,neutral,0.7329061627388,Artificial intelligence: Lessons from the field | ZDNet  https://t.co/Rea65jp6VB #AI  https://t.co/h4O9GhVqr4,artificial intelligence: lessons field ai,0.3333333333333333,109,41,68,en,1,0,0,['ai'],['http://buff.ly/2oOK30Q']
2020-12-25,neutral,0.5047329068183899,Artificial intelligence degree among 2 approved by IU trustees  https://t.co/1mVpqHOwfx  #ArtificialIntelligence,artificial intelligence degree among approved iu trustees artificialintelligence,0.5833333333333334,112,80,32,en,1,1,0,['artificialintelligence'],['https://news.iu.edu/stories/2020/12/iu/inside/04-artificial-intelligence-business-psychology-degrees-approved-trustees.html']
2017-12-15,neutral,0.6853503584861755,- Big Data/Artificial Intelligence Technical Lead -Data Services -Technology Group - Engineering Platforms and COTS Ser  https://t.co/eNj7OM9Jml #CAREER,big data artificial intelligence technical lead data services technology group engineering platforms cots ser career,0.4761904761904761,152,116,36,en,0,0,0,['career'],['http://www.recruiter-directory.info/jobs/?q=Big+Data%2FArtificial+Intelligence+Technical+Lead+-Data+Services+-Technology+Group&l=&z=&tw=274&k=']
2021-07-17,neutral,0.9296748042106628,How can Real-Time Artificial intelligence Speech Assistance in Call Centers enable effec...  https://t.co/HiEenrGsQo,realtime artificial intelligence speech assistance call centers enable effec...,0.5714285714285714,116,79,37,en,0,0,0,[],['http://upflow.co/l/BLGf']
2019-07-30,neutral,0.6298841834068298,5 Ways Artificial Intelligence Improves Email Marketing  https://t.co/4gAnNH4zXY by @disruptiveads,ways artificial intelligence improves email marketing,0.6,98,53,45,en,0,0,0,[],['https://buff.ly/2LXOoND']
2019-10-31,neutral,0.5153473615646362,https://t.co/aY5wJvYpYC USPTO issues second Federal Register Notice on artificial intelligence and innovation   https://t.co/tWNUmIpmFG C...,uspto issues second federal register notice artificial intelligence innovation c...,0.7142857142857143,140,83,57,en,0,0,0,[],"['http://www.opusip.co.uk/2019/10/30/uspto_issues_second_federal_register/', 'https://www.uspto.gov/blog/director/entry/uspto_issues_second_federal_register']"
2017-07-14,neutral,0.8831033706665039,Artificial intelligence will help your agency focus on its mission:  https://t.co/Jjlq4EN9T1 @IPSoft  https://t.co/YqcsDjU9NT,artificial intelligence help agency focus mission:,0.4615384615384615,125,50,75,en,0,0,0,[],['http://bit.ly/2tOM6UU']
2018-05-29,neutral,0.721744954586029,"I'm pretty sure this is the most important report I've read so far this year. The Malicious Use of Artificial Intelligence Forecasting, Prevention, and Mitigation  https://t.co/LeGY752ohQ #AI #ArtificialIntelligence #MachineLearning  https://t.co/bMVVDA35xr","pretty sure most important report read far year. malicious use artificial intelligence forecasting , prevention , mitigation ai artificialintelligence machinelearning",0.3823529411764705,257,166,91,en,10,5,0,"['ai', 'artificialintelligence', 'machinelearning']",['https://maliciousaireport.com/']
2017-07-13,neutral,0.8261910080909729,https://t.co/jd1b3JWRv8 - Let's think about the future Artificial Intelligence - The Future - Ethics on AI &amp; more  https://t.co/LujtZCWMPW  https://t.co/BwEoLQNfF4,let's think future artificial intelligence future ethics ai; more,0.4117647058823529,167,65,102,en,1,0,0,[],"['http://Whyfuture.com', 'http://WhyFuture.com']"
2019-12-31,neutral,0.8117114305496216,Standard Machine Learning Datasets for Imbalanced Classification #artificialintelligence #datascience  https://t.co/yTrSqNt0UN,standard machine learning datasets imbalanced classification datascience artificialintelligence machinelearning ml,0.4285714285714285,126,114,12,en,0,1,0,"['artificialintelligence', 'datascience']",['https://machinelearningmastery.com/standard-machine-learning-datasets-for-imbalanced-classification/?utm_source=contentstudio.io&utm_medium=referral']
2017-04-29,neutral,0.8972460627555847,How Artificial Intelligence Will Redefine Management -  @impraise   https://t.co/31PzEl52NR,artificial intelligence redefine management,0.4444444444444444,91,43,48,en,0,0,0,[],['http://snip.ly/v8lxb']
2018-01-29,neutral,0.7599431872367859,Alibaba is reshaping city traffic with artificial intelligence - Quartz  https://t.co/NgtQluScss,alibaba reshaping city traffic artificial intelligence quartz aiforeveryone iaparatodos,0.5384615384615384,96,87,9,en,0,0,0,[],['http://dlvr.it/QDBzl0']
2019-06-27,neutral,0.4402771294116974,"Institute Insights: Artificial Intelligence Alter Egos: Who Benefits from Robo-Investing?: By Eric Ghysels, Edward M. Bernstein Distinguished Professor of Economics, UNC-Chapel Hill and professor of finance, UNC Kenan-Flag... @kenaninstitute  https://t.co/zrdGqBbfJg","institute insights: artificial intelligence alter egos: benefits roboinvesting?: eric ghysels , edward m. bernstein distinguished professor economics , uncchapel hill professor finance , unc kenanflag...",0.4285714285714285,266,203,63,en,1,0,0,[],['http://www.kenaninstitute.unc.edu/blog']
2019-05-30,neutral,0.5353215336799622,#VIDEO: NTT DATA's Public Sector CTO Shamlan Siddiqi highlights #artificial intelligence trends in the public sector.   https://t.co/CFNLxVQFzf  https://t.co/oNVNtD7IzR,video: ntt data's public sector cto shamlan siddiqi highlights artificial intelligence trends public sector.,0.5789473684210527,168,108,60,en,0,0,0,"['video', 'artificial']",['http://bit.ly/2XgK7b1']
2017-08-30,neutral,0.7445041537284851,The Good and the Bad of Artificial Intelligence: 10 Need-to-Know Facts  https://t.co/j9QF1rQf5i,good bad artificial intelligence: needtoknow facts artificialintelligence,0.3846153846153846,95,73,22,en,0,0,0,[],['http://www.signature-reads.com/2017/08/good-bad-artificial-intelligence-10-facts-know/']
2018-12-27,neutral,0.3441169261932373,Global Artificial Intelligence (AI) in Agriculture Market Analysis Outlook 2027 - The Business Hours   https://t.co/api9YhFONU #AI #MachineLearning,global artificial intelligence ai agriculture market analysis outlook business hours ai machinelearning,0.4736842105263157,147,103,44,en,0,1,0,"['ai', 'machinelearning']",['https://goo.gl/YxztM7']
2019-05-30,surprise,0.4468078315258026,Artificial Intelligence vs Machine Learning vs Deep Learning  https://t.co/yFv5beHcHu via @BizSugar,artificial intelligence vs machine learning vs deep learning ai artificialintelligence machinelearning deeplearning,0.4615384615384615,99,115,-16,en,1,0,1,[],['https://www.decipherzone.com/blog-detail/Artificial-Intelligence-vs-Machine-Learning-vs-Deep-Learning']
2019-03-31,surprise,0.4677839279174804,Artificial intelligence used in kitchen bin  https://t.co/nTUGTw97Ks,new post artificial intelligence used kitchen bin published,0.5,68,59,9,en,0,0,0,[],['https://ift.tt/2OD0jj4']
2017-05-30,surprise,0.5401615500450134,"New report from #Forrester! The Impact of Mobility, the #IoT and Artificial Intelligence on the Future of Business  https://t.co/DIUum0H4XL  https://t.co/EZeh4N2BSD","new report forrester! impact mobility , iot artificial intelligence future business",0.3333333333333333,164,83,81,en,1,0,0,"['forrester', 'iot']",['http://bit.ly/2skzrIk']
2017-05-28,surprise,0.5924987196922302,The latest The  Kevin Clements Times!  https://t.co/uruk9i5DXs #artificialintelligence #bigdata,latest kevin clements times! artificialintelligence bigdata,0.4,95,59,36,en,0,0,0,"['artificialintelligence', 'bigdata']",['http://paper.li/kevinclementscc?edition_id=674aeee0-439d-11e7-9df2-0cc47a0d1605']
2017-01-29,surprise,0.6973041892051697,IDG Contributor Network: Whats next for artificial intelligence in the enterprise -  https://t.co/Uof25jXFFo,idg contributor network: whats next artificial intelligence enterprise,0.6153846153846154,108,70,38,en,0,0,0,[],['http://www.computerworld.com/article/2872312/whats-next-for-artificial-intelligence-in-the-enterprise.html#tk.rss_emergingtechnologycenterstage']
2018-04-29,surprise,0.6124171018600464,#AI Read The Artificial Intelligence Daily ! Today's headlines:  https://t.co/I6UqBOXdBQ #deeplearning,ai read artificial intelligence daily! today's headlines: deeplearning,0.3571428571428571,102,70,32,en,1,3,0,"['ai', 'deeplearning']",['https://paper.li/mscavazzin/1480933169?edition_id=c684ce10-4b96-11e8-839b-002590a5ba2d']
2018-03-28,surprise,0.4146353602409363,"Internationally-renowned Artificial Intelligence platform, Invacio, recently announced that they have started their Initial Coin Offering last 12th Ma...  https://t.co/Kn2HSoUfzY","internationallyrenowned artificial intelligence platform , invacio , recently announced started initial coin offering last 12th ma...",0.4782608695652174,178,133,45,en,0,0,0,[],['https://themerkle.com/internationally-renowned-artificial-intelligence-platform-invacio-recently-announced-that-they-have-started-their-initial-coin-offering-last-12th-march-2018/']
2018-04-19,surprise,0.4462731480598449,"Artificial Intelligence (AI) is transforming many human activities ranging from daily chores to highly sophisticated tasks. But unlike many other industries, the higher education sector has yet to be really influenced by AI. Here a‚Ä¶ https://t.co/4Vk2jDnNO4  https://t.co/kyljvZrtU2","artificial intelligence ai transforming many human activities ranging daily chores highly sophisticated tasks. unlike many other industries , higher education sector yet really influenced ai. here",0.5789473684210527,281,196,85,en,0,0,0,[],"['https://lnkd.in/ggxjK6T', 'https://lnkd.in/g2Xd_-d']"
2021-01-31,surprise,0.4290543496608734,"Finally started the Indigenous Protocol and Artificial Intelligence position paper by @jaspernotwell and many amazing folks and I really wish I had a paperback version to carry around! Too many gems to summarize in a thread, go check it out yourselves ;)   https://t.co/5aqEBpu1YA","finally started indigenous protocol artificial intelligence position paper many amazing folks really wish paperback version carry around! many gems summarize thread , go check out yourselves;",0.55,280,191,89,en,1,1,0,[],['https://www.indigenous-ai.net/position-paper/']
2017-01-28,surprise,0.4246254861354828,Conscious #ArtificialIntelligence is taking it's first baby steps right now...  https://t.co/x69oGGzagU #AI #Consciousness #QuantumMechanics,conscious artificialintelligence taking first baby steps right now... ai consciousness quantummechanics,0.3888888888888889,140,103,37,en,0,0,0,"['artificialintelligence', 'ai', 'consciousness', 'quantummechanics']",['http://bit.ly/1srNM5R']
2020-03-29,surprise,0.4969719350337982,The artificial intelligence market will be worth a lot. AI will contribute $15.7¬†trillion¬†to the global economy by 2030. Let‚Äôs find out ‚Äú10 Mind-Blowing Stats About Artificial Intelligence‚Äù YT Link:‚Ä¶  https://t.co/hiJzIS0tfd,artificial intelligence market worth lot. ai contribute. trillion global economy. let s find out mindblowing stats artificial intelligence yt link:,0.3428571428571428,224,147,77,en,0,0,0,[],['https://www.instagram.com/p/B-VpP1CgB8n/?igshid=j1iwnll9zg3k']
2021-01-29,surprise,0.4962077140808105,"""""Artificial intelligence, machine learning, cloud technology, distributed ledger, quantum computing (...) have the potential to disrupt each and every business model (...) we are at the beginning rather than at the end of digitalising the financial system"""". https://t.co/235sgmQkPH","artificial intelligence , machine learning , cloud technology , distributed ledger , quantum computing... potential disrupt each every business model... beginning rather end digitalising financial system.",0.3333333333333333,283,204,79,en,1,4,0,[],['https://www.bis.org/review/r210129a.pdf']
2017-06-30,surprise,0.6298748850822449,Has IBM Watson's AI Technology Fallen Victim to Hype?   https://t.co/slfTi8a45G #ArtificialIntelligence #WatsonIoT,ibm watson's ai technology fallen victim hype? artificialintelligence watsoniot,0.5,114,79,35,en,0,0,0,"['artificialintelligence', 'watsoniot']",['http://for.tn/2shgURJ']
2018-11-28,surprise,0.4469602406024933,"‚ÄòAlexa, who won the $500,000 artificial intelligence prize?‚Äô UC Davis team‚Äôs chatbot is champ  https://t.co/iwlrbZUwMo",": alexa , won , artificial intelligence prize? uc davis team s chatbot champ ai reinvent chatbot alexa",0.3043478260869565,118,102,16,en,0,0,0,[],['https://www.sacbee.com/news/local/education/article222274550.html']
2019-04-30,surprise,0.5622844696044922,"Only 1 month until the #AtlantecConference """"The are of artificial intelligence and machine learning, new paradigm or false dawn?"""" have you got your tickets yet?   https://t.co/ne7c5MQiVa","month until atlantecconference artificial intelligence machine learning , new paradigm false dawn? got tickets yet?",0.3666666666666666,188,115,73,en,2,2,0,['atlantecconference'],['https://atlantec.clr.events/event/127733:atlantec-conference-2019']
2017-11-23,surprise,0.5833837389945984,Report: Artificial Intelligence promises to boost solar and wind power output  https://t.co/k2VmY6egxN,report: artificial intelligence promises boost solar wind power output,0.75,102,70,32,en,0,0,0,[],['https://www.businessgreen.com/bg/news/3021710/report-artificial-intelligence-promises-to-boost-solar-and-wind-power-output']
2020-01-30,surprise,0.693247377872467,The Amazing Ways Telecom Companies Use Artificial Intelligence And Machine Learning  https://t.co/0P2DhGPi1x,amazing ways telecom companies use artificial intelligence machine learning,0.75,108,75,33,en,0,0,0,[],['https://www.forbes.com/sites/bernardmarr/2019/09/02/the-amazing-ways-telecom-companies-use-artificial-intelligence-and-machine-learning/']
2018-05-29,surprise,0.6070975661277771,The Rise of Artificial Intelligence is Projected to Accelerate ‚Äì PR Newswire (press release)  https://t.co/e2tx7ZPQJ8,rise artificial intelligence projected accelerate pr newswire press release,0.4117647058823529,117,75,42,en,0,0,0,[],['https://ift.tt/2IUE9td']
2018-01-29,surprise,0.4264480173587799,Revolution of Artificial Intelligence in Science #ai #science  https://t.co/NFCGw12pv2,revolution artificial intelligence science ai science,0.4,86,53,33,en,0,0,0,"['ai', 'science']",['http://ml.veganti.lepus.uberspace.de/revolution-of-artificial-intelligence-in-science']
2017-04-27,surprise,0.4764243960380554,Artificial Intelligence Hype Cycle  https://t.co/GYDRl5IALI,re artificial intelligence hype cycle,0.6666666666666666,59,37,22,fr,0,0,0,[],['http://ift.tt/2pkbeS5']
2018-08-29,joy,0.4634453952312469,"I added a video to a @YouTube playlist  https://t.co/k5bSsXKCDP „ÄäJuicy„Äãby Jaroslaw Kapuscinski, with artificial intelligence","added video playlist juicy jaroslaw kapuscinski , artificial intelligence",0.3529411764705882,124,73,51,en,0,0,0,[],['http://youtu.be/tJKJ8RcN-7Y?a']
2019-10-30,joy,0.4585191607475281,Dubai launches ‚Äòworld‚Äôs first‚Äô Artificial Intelligence fatwa service.  https://t.co/rMWxkfVFFa,dubai launches world s first artificial intelligence fatwa service.,0.5,94,67,27,en,0,1,0,[],['https://gulfnews.com/uae/dubai-launches-worlds-first-artificial-intelligence-fatwa-service-1.67466584']
2017-12-14,joy,0.405326098203659,"Data Science in Finance: The Final Frontier?  Data Science, Artificial Intelligence, Machine Learning &amp; Big Data have become increasingly popular, fueled by growing collection &amp; availability of new data, processing power &amp; storage + open source movement.  https://t.co/RfhTN3Kudl  https://t.co/SvgDvOZNEV","data science finance: final frontier? data science , artificial intelligence , machine learning; big data become increasingly popular , fueled growing collection; availability new data , processing power; storage open source movement.",0.4634146341463415,316,234,82,en,1,0,0,[],['http://bit.ly/2iTODx6']
2017-01-26,joy,0.924324095249176,Artificial Intelligence (AI) Successful Implementations  https://t.co/Qu4cHQkgW1,artificial intelligence ai successful implementations,0.5714285714285714,80,53,27,en,1,0,0,[],['https://lnkd.in/g-Gxfyh']
2018-07-30,joy,0.5348048806190491,"With Mr. Obaid Almheiri, Chairman of SPITAL Technology and Mr. Habib Halabi, CEO of Falcon Eye Technology, during the """" Artificial Intelligence Tour"""" conference held in Abu Dhabi.  https://t.co/v8YI3d4tgn","mr. obaid almheiri , chairman spital technology mr. habib halabi , ceo falcon eye technology , artificial intelligence tour conference held abu dhabi.",0.4838709677419355,206,150,56,en,3,0,1,[],['https://www.instagram.com/p/Bl2nDBzBMN3/?utm_source=ig_twitter_share&igshid=1gzmwx9fh76p']
2017-08-28,joy,0.6155520081520081,These three countries are winning the global robot race - CNNMoney   https://t.co/Snu8xHGtiF ArtificialIntelligence AI  https://t.co/iV8QS1mUNq,three countries winning global robot race cnnmoney artificialintelligence ai,0.6,143,76,67,en,1,1,0,[],['https://goo.gl/sqzimH']
2018-03-30,joy,0.7823691368103027,"Great News for France. @Samsung chooses France to locate its new research center on artificial intelligence, creating more than 100 jobs. #ArtificialInteligence #AIForHumanity #startupnation @EmmanuelMacron @VillaniCedric @mounir","great news france. chooses france locate new research center artificial intelligence , creating more jobs. artificialinteligence aiforhumanity startupnation",0.40625,229,156,73,en,3,1,0,"['artificialinteligence', 'aiforhumanity', 'startupnation']",[]
2020-01-29,joy,0.4967808723449707,"üôå NEW MEMBERS üôå  Welcome to @paparicoagency who are new members of the @NetworkAlbion Business Club!   """"Full-service marketing consultancy powered by artificial intelligence and machine learning to help make your marketing budget work smarter.""""  ‚û°Ô∏è  https://t.co/Rd4UleazxR  https://t.co/V3cQ3QYbto",new members welcome new members business club! fullservice marketing consultancy powered artificial intelligence machine learning help make marketing budget work smarter.,0.4705882352941176,300,170,130,en,1,1,0,[],['http://bit.ly/38EGD7k']
2018-02-26,joy,0.3586339652538299,"IDG Contributor Network: How to win the recruitment war for machine learning talent - As the uses of Artificial Intelligence (AI) technology expand into every industry, companies like yours might be looking to hire experienced AI and, more specificall...  https://t.co/d5t8R81iEQ","idg contributor network: win recruitment war machine learning talent uses artificial intelligence ai technology expand every industry , companies like yours might looking hire experienced ai , more specificall...",0.625,279,212,67,en,0,0,0,[],['http://ow.ly/e03C50gDRuD']
2019-10-30,joy,0.7568643093109131,Using AI to help achieve Sustainable Development Goals #ArtificialIntelligence #ba   https://t.co/IHuK6fwr2M,"using ai help achieve sustainable development goals artificialintelligence , ba businessanalytics , businessanalytics ba , datascience , machinelearning",0.4117647058823529,108,152,-44,en,0,0,0,"['artificialintelligence', 'ba']",['https://www.undp.org/content/undp/en/home/blog/2019/Using_AI_to_help_achieve_Sustainable_Development_Goals.html']
2018-07-30,joy,0.7207839488983154,"This fall, @MontourSD will become America‚Äôs first public school to offer a program focused on #artificialintelligence. Students will get to explore and use #AI to ‚Äúcultivate, nurture, and enhance initiatives"""" for the public good.  https://t.co/AF9q6Ru2b3 #STEM #edtech","fall , become america s first public school offer program focused artificialintelligence. students get explore use ai cultivate , nurture , enhance initiatives public good. stem edtech",0.3023255813953488,269,184,85,en,4,1,0,"['artificialintelligence', 'ai', 'stem', 'edtech']",['http://bit.ly/2JCmNwJ']
2018-04-29,joy,0.4880624711513519,"Sarine #Technologies has announced that K-Uno, a Japanese #jewelry company, is the first retailer in the world to adopt the new Sarine 4Cs #diamond report ‚Äì ‚Äúthe world‚Äôs first artificial-intelligence based, technology driven automated grading report‚Äù...  https://t.co/UuL1vEwgt8",": sarine technologies announced kuno , japanese jewelry company , first retailer world adopt new sarine 4cs diamond report world s first artificialintelligence based , technology driven automated grading",0.3255813953488372,278,203,75,en,2,3,0,"['technologies', 'jewelry', 'diamond']",['http://ow.ly/Vh6c30jJwps']
2020-06-26,joy,0.8046817779541016,"It's #AlohaFriday! üå¥ Enjoy your weekend and these super cool photos taken by EAO Visiting Scientist, Pablo Torne, using a neural networking and artificial intelligence app called #Prisma on his cell phone! #Wow #Technology #Art #STEAM  https://t.co/b8hjkUXNBa","alohafriday! enjoy weekend super cool photos taken eao visiting scientist , pablo torne , using neural networking artificial intelligence app called prisma cell phone! wow technology art steam",0.4,259,192,67,en,5,0,0,"['alohafriday', 'prisma', 'wow', 'technology', 'art', 'steam']",[]
2018-05-30,joy,0.898307204246521,#DataBlockChain is a fusion of big data and artificial intelligence on blockchain technology. The project looks very promising. Data Blockchain as one of the most successful and promising projects based on Blockchain technology.,datablockchain fusion big data artificial intelligence blockchain technology. project looks promising. data blockchain one most successful promising projects based blockchain technology.,0.6153846153846154,228,186,42,en,0,0,0,['datablockchain'],[]
2017-07-28,joy,0.3751283884048462,Artificial Intelligence Company AFanta Launches Beta Version of iFacePlay  https://t.co/8jk4i5BaD8,artificial intelligence company afanta launches beta version ifaceplay,0.8,98,70,28,en,0,0,0,[],['http://ift.tt/2eVLdHJ']
2020-01-29,joy,0.7257542014122009,Cambridge Science Festival examines the effects and ethics of artificial intelligence ‚Äì Cambridge¬†Network  https://t.co/2nBmj3ychH,cambridge science festival examines effects ethics artificial intelligence cambridge network,0.6428571428571429,130,92,38,en,1,0,0,[],['https://ethicalairesources.com/2020/01/29/cambridge-science-festival-examines-the-effects-and-ethics-of-artificial-intelligence-cambridge-network/']
2018-10-30,joy,0.6958964467048645,"""""#Robots = friends in learning electronic assistance""""  #AI and its many powers to transform the society! Great initiative by @heriotwatt_soss @HWUDubai  #industryweek event discussing #ArtificialIntelligence #machinelearning",robots friends learning electronic assistance ai many powers transform society! great initiative industryweek event discussing artificialintelligence machinelearning,0.34375,226,165,61,en,3,1,0,"['robots', 'ai', 'industryweek', 'artificialintelligence', 'machinelearning']",[]
2017-09-29,joy,0.8164007067680359,#ArtificialIntelligence #AI has the potential to greatly improve and change #education systems across the world  https://t.co/6u7C3mdaE3  https://t.co/cjKEC7VlbW,artificialintelligence ai potential greatly improve change education systems across world,0.3684210526315789,161,89,72,en,0,0,0,"['artificialintelligence', 'ai', 'education']",['http://bit.ly/2ydGk5m']
2018-06-27,joy,0.4002510905265808,"Artificial intelligence is for everyone!  If you're in Tokyo, this workshop features #PowerApps, @MicrosoftFlow, and Cognitive Services.  #AIforAll  https://t.co/jdLZf84aze","artificial intelligence everyone! tokyo , workshop features powerapps , , cognitive services. aiforall",0.3043478260869565,172,102,70,en,1,0,0,"['powerapps', 'aiforall']",['https://twitter.com/TaikiYoshidaJP/status/1012169983361601537']
2018-09-28,joy,0.5702418088912964,BootstrapLabs Announces Fourth Annual Artificial Intelligence Conference  https://t.co/SQOgL8fhzd,bootstraplabs announces fourth annual artificial intelligence conference pr newswire press release,0.5833333333333334,97,98,-1,en,3,1,0,[],['http://dlvr.it/Qlhyn1']
2019-12-31,fear,0.7977384328842163,How AI and Cybersecurity Will Intersect in 2020 Understanding the new risks and threats posed by increased use of artificial intelligence.  https://t.co/rRTsCDbxiN,ai cybersecurity intersect understanding new risks threats posed increased use artificial intelligence. cybersecurity internetsecurity datasecurity cybersecurity2020 artificialintelligence ai aicybersecurity,0.4615384615384615,163,207,-44,en,0,0,0,[],['https://www.darkreading.com/application-security/how-ai-and-cybersecurity-will-intersect-in-2020/d/d-id/1336621?_mc=rss_x_drr_edt_aud_dr_x_x-rss-simple']
2017-12-30,fear,0.6901902556419373,AI cyberattacks will be almost impossible for humans to stop   https://t.co/zHzhLv3JL8  #ArtificialIntelligence #AI #CyberAttack,ai cyberattacks almost impossible humans stop artificialintelligence ai cyberattack,0.375,128,83,45,en,0,0,0,"['artificialintelligence', 'ai', 'cyberattack']",['http://www.wired.co.uk/article/ai-cyberattack-mike-lynch']
2018-02-28,fear,0.9721835255622864,Artificial Intelligence in Healthcare Market Analysis 2018 to 2024: Reluctance Among Medical Practitioners to Adopt AI Based Technologies the +53.1% CAGR¬†Industry  https://t.co/Ectmc2t7Sq,artificial intelligence healthcare market analysis: reluctance among medical practitioners adopt ai based technologies. cagr industry,0.5416666666666666,187,133,54,en,0,0,0,[],['http://www.moneyhealthfinance.com/artificial-intelligence-in-healthcare-market-analysis-2018-to-2024-reluctance-among-medical-practitioners-to-adopt-ai-based-technologies-the-53-1-cagr-industry-2/']
2019-09-27,fear,0.9894803762435912,"Artificial Intelligence: It‚Äôs Complicated And Unsettling, But Inevitable  https://t.co/e2G74O33wP","artificial intelligence: s complicated unsettling , inevitable",0.3333333333333333,97,62,35,en,0,0,0,[],['https://buff.ly/2AmIChJ']
2017-08-31,fear,0.5631117224693298,Clinical artificial intelligence: on the brink of a digital revolution?  https://t.co/c25C5xI9qE,clinical artificial intelligence: brink digital revolution?,0.5454545454545454,96,59,37,en,0,0,0,[],['https://lnkd.in/eYRk3mX']
2018-08-31,fear,0.8113842606544495,#Google and #Harvard #University researchers have teamed up to develop an #artificial #intelligence model capable of predicting #earthquake aftershocks up to a year later.   https://t.co/mKnPk593WN  https://t.co/0HBEmOd6Od,google harvard university researchers teamed up develop artificial intelligence model capable predicting earthquake aftershocks up year later.,0.3333333333333333,222,142,80,en,0,0,0,"['google', 'harvard', 'university', 'artificial', 'intelligence', 'earthquake']",['https://www.slashgear.com/harvard-google-ai-predicts-earthquake-aftershocks-up-to-a-year-later-30544019/']
2019-11-28,fear,0.4670608043670654,A Bigram Poem inspired by AISydneyEvents:  Artificial intelligence   intelligence helps   helps detect   detect sepsis   sepsis in   in Sydney   Sydney emergency     -AI Sydney,bigram poem inspired aisydneyevents: artificial intelligence intelligence helps helps detect detect sepsis sepsis sydney sydney emergency ai sydney,0.6875,176,147,29,en,0,0,0,[],[]
2017-05-27,fear,0.5812133550643921,"""""...artificial intelligence will make the world more unpredictable that has never been Beijing's favorite trend"""".  https://t.co/NhLicerKyb",... artificial intelligence make world more unpredictable never beijing's favorite trend.,0.4210526315789473,140,89,51,en,0,0,0,[],['https://nyti.ms/2r8aHFZ']
2017-03-28,fear,0.6119447350502014,Should We Be Afraid of Artificial Intelligence?...  https://t.co/kTO5rHjY6V,afraid artificial intelligence?...,0.375,75,34,41,en,1,0,0,[],['http://fb.me/87BkrBWrI']
2017-10-31,fear,0.9917643666267396,Artificial Intelligence Created To Write Horror Stories - CBS New York  https://t.co/6UBUPAbu4F  https://t.co/nhSHIUZxl7,artificial intelligence created write horror stories cbs new york,0.6923076923076923,120,65,55,en,1,0,0,[],['http://dlvr.it/PyT890']
2017-05-31,fear,0.9853072166442872,PIIE: And yet the fear remains with artificial intelligence: Won‚Äôt these same improvements give up most of our good jobs? ‚Ä¶,piie: yet fear remains artificial intelligence: won improvements give up most good jobs?,0.5454545454545454,123,88,35,en,0,0,0,[],[]
2019-02-27,fear,0.517349123954773,Derisking machine learning and artificial intelligence  https://t.co/jP7Wjfo5ES #machinelearning,derisking machine learning artificial intelligence machinelearning,0.5555555555555556,96,66,30,en,0,1,0,['machinelearning'],['https://www.mckinsey.com/business-functions/risk/our-insights/derisking-machine-learning-and-artificial-intelligence']
2018-01-30,fear,0.8997735977172852,Artificial Intelligence And The Threat To Salespeople  https://t.co/d1LV1DXQ6x,artificial intelligence threat salespeople ai,0.4444444444444444,78,45,33,en,0,0,0,[],['https://lnkd.in/gxYUTTn']
2019-04-29,fear,0.8997752070426941,Confronting the risks of artificial intelligence  https://t.co/Rsm7CGzA7W,confronting risks artificial intelligence ai,0.5,73,44,29,en,0,0,0,[],['https://buff.ly/2GNK28X']
2019-09-28,fear,0.9910088181495668,@MotherofTitan @milesofsmiles25 @MikeDMarler @mikew12w @MimiHuynh1 @ProtestPets @militarywife @heretical_1 @milar_t @MiimiBayer2 @mike59ny @mike63a @MikeDorsLV @mikemooneyham47 @MikeOakes57 @MikeTango22314 @MikeVellaZarb @mikey2020 @Mikeytm48 @mikhub1951 @mikkimmo @MikulaJeanne @milehiartist @milesaway58 @milkexperiment @milkriver18 @miller_peachy @milliesmiracle1 @milohagie @MiloseG @milosfriend2 @MimiGirlsMom America and around the world theres a serious ethics problem with people who believe in dishonesty. üëâüèºblackhat coders. VS whitehats   Makes the thought of Artificial Intelligence terrifying,america around world theres serious ethics problem people believe dishonesty. blackhat coders. vs whitehats makes thought artificial intelligence terrifying,0.3050847457627119,604,156,448,en,1,0,0,[],[]
2018-05-31,fear,0.9122809171676636,How Will Artificial Intelligence Affect the Risk of Nuclear War?  https://t.co/GfWJECLVg3,: artificial intelligence affect risk nuclear war?,0.5,89,50,39,en,0,0,0,[],['https://buff.ly/2xsSRlE']
2017-08-14,fear,0.5526752471923828,An artificial intelligence lab founded by Elon Musk is trying to prevent machines from going rogue  https://t.co/Sd6asTjpda,tech artificial intelligence lab founded elon musk trying prevent machines going rogue nbc artificialintelligence,0.55,123,113,10,en,1,1,0,[],['https://www.cnbc.com/2017/08/14/elon-musk-started-artificial-intelligence-lab-teaching-machines-rules.html']
2019-06-29,fear,0.3622391521930694,Artificial Intelligence... Do the benefits outweigh the risks?  Or could it create threats we can‚Äôt even imagine yet? Find out more this Sunday on Full Measure #AI #terminator  https://t.co/BjeebfBcMw,artificial intelligence... benefits outweigh risks? create threats even imagine yet? find out more sunday full measure ai terminator,0.5333333333333333,200,132,68,en,20,7,3,"['ai', 'terminator']",[]
2021-07-17,fear,0.4213579297065735,Banking on AI: The Opportunities and Limitations of Artificial Intelligence in the Fight Against Financial Crime and Money Laundering via @IntBanker   https://t.co/ahr6LBNP1g (though the industry must reimagine AI+ as more than efficiency and AML and use it more to help society),banking ai: opportunities limitations artificial intelligence fight against financial crime money laundering though industry must reimagine ai more efficiency aml use more help society,0.5263157894736842,279,184,95,en,1,1,0,[],['https://internationalbanker.com/technology/banking-on-ai-the-opportunities-and-limitations-of-artificial-intelligence-in-the-fight-against-financial-crime-and-money-laundering/']
2019-05-30,fear,0.973425030708313,@phillippabiggs @ITU @VillaniCedric Glad that @VillaniCedric agrees with me that #ArtificialIntelligence is not the best term.  It was the first of the #SixMyths on #AI that I presented to the @ITU Global Symposium for Regulators last summer.  #FearOfTheFuture,glad agrees artificialintelligence best term. first sixmyths ai presented global symposium regulators last summer. fearofthefuture,0.3142857142857143,260,130,130,en,0,0,0,"['artificialintelligence', 'sixmyths', 'ai', 'fearofthefuture']",[]
2019-06-27,anger,0.3295498788356781,Judge seeks input on release of drug #data¬†¬†Huntington Herald Dispatch CLEVELAND - A Cleveland-based judge has issued an order asking attorneys to re-evaluate what opioid-tracking data compiled by the Drug Enfo...  https://t.co/BuXvUJeQuq #ArtificialIntelligence #Privacy #Toronto  https://t.co/yXLCIrmHGr,judge seeks input release drug data huntington herald dispatch cleveland clevelandbased judge issued order asking attorneys reevaluate opioidtracking data compiled drug enfo... artificialintelligence privacy toronto,0.3902439024390244,305,215,90,en,0,0,0,"['data', 'artificialintelligence', 'privacy', 'toronto']",['http://twib.in/l/4MjnxoejE8k5']
2017-06-29,anger,0.9705684781074524,Instagram is using an artificial intelligence to block offensive comments and spam  https://t.co/Kn1xjnPRWg,instagram using artificial intelligence block offensive comments spam instagram introduced,0.5714285714285714,107,90,17,en,0,0,0,[],['http://ift.tt/2sW7fib']
2019-08-29,anger,0.6496654152870178,Elon Musk and Jack Ma clash during intense debate on the future of artificial intelligence and life on Mars  https://t.co/w2rD7rwom0,elon musk jack ma clash intense debate future artificial intelligence life mars,0.6666666666666666,132,79,53,en,0,0,0,[],['http://bit.ly/2HrHld5']
2017-05-27,anger,0.3218786716461181,How a Tech Company Is Saving Elephants From Poaching Using Artificial Intelligence  https://t.co/cOOjunzQJ5,tech company saving elephants poaching using artificial intelligence,0.6153846153846154,107,68,39,en,0,0,0,[],['http://observer.com/2017/05/artificial-intelligence-can-stop-elephant-rhino-poaching-in-africa/']
2017-08-31,anger,0.4376985728740692,Artificial Intelligence at Any Cost Is a Recipe for Tyranny  https://t.co/dZoHdAK0p6  https://t.co/98tlxMEiI2,artificial intelligence any cost recipe tyranny,0.5,109,47,62,en,0,0,0,[],['https://buff.ly/2wpvg3F']
2019-04-27,anger,0.2947629988193512,10 Reasons Why You Need Artificial Intelligence To Grow Your Ecommerce Business [Infographic]  https://t.co/j9zx2uSHqE,reasons need artificial intelligence grow ecommerce business infographic,0.4666666666666667,118,72,46,en,0,0,0,[],['https://www.bestprofitsonline.com/myblog/10-reasons-why-you-need-artificial-intelligence-to-grow-your-ecommerce-business-infographic/']
2017-08-17,anger,0.3427046537399292,"Why Facebook Shut Down Its Artificial Intelligence Program That Went Rogue:  https://t.co/PC7d4nKirE - #FutureBusiness,DigitalEconomy - Aug‚Ä¶","facebook shut down artificial intelligence program went rogue: futurebusiness , digitaleconomy aug",0.4210526315789473,140,98,42,en,0,0,0,['futurebusiness'],['http://ift.tt/2fP7szA']
2017-02-27,anger,0.4221822619438171,Artificial intelligence,rise artificial intelligence law law artificialintelligence,0.4,23,59,-36,fr,0,0,0,[],[]
2021-07-15,anger,0.6236010789871216,"Four Arrested in Alleged $54,000,000 Crypto Investment Scheme Involving Artificial Intelligence  https://t.co/0Xg9hMMjA7","four arrested alleged , , crypto investment scheme involving artificial intelligence",0.6923076923076923,120,84,36,en,0,1,0,[],['https://litecoinnews.com/four-arrested-in-alleged-54000000-crypto-investment-scheme-involving-artificial-intelligence/']
2019-12-28,anger,0.8632574677467346,Artificial Intelligence is accused of fostering inequality and climate change - Industry Global News 24  https://t.co/wewRHucZl6,artificial intelligence accused fostering inequality climate change industry global news artificialintelligence ai technology,0.5263157894736842,128,125,3,en,0,0,0,[],['https://industryglobalnews24.com/artificial-intelligence-is-accused-of-fostering-inequality-and-climate-change?utm_source=dlvr.it&utm_medium=twitter']
2019-05-30,anger,0.7926875352859497,"Wifey, don't also make it difficult for hubby to fight for you. Be firm, but don't openly confront his parents or siblings. Report any misgivings to him and accord him the respect of handling it. And if hubby is weak at it, then be his artificial intelligenceüòâ. END OF THREAD","wifey , also make difficult hubby fight. firm , openly confront parents siblings. report any misgivings accord respect handling. hubby weak , artificial intelligence. end thread",0.3617021276595745,275,177,98,en,197,62,8,[],[]
2019-10-28,anger,0.4256212413311004,AI is the latest weapon cybercriminals are exploiting  https://t.co/NV4Jef633E  via @wef   #ai #cybersecurity #artificialintelligence,ai latest weapon cybercriminals exploiting ai cybersecurity artificialintelligence,0.3125,133,82,51,en,0,0,0,"['ai', 'cybersecurity', 'artificialintelligence']",['https://wef.ch/2naRx29']
2019-09-27,anger,0.5341484546661377,Non-Discrimination Ombudsman ‚Å¶@Kirsipimia‚Å© at #ECRI25 Conference:  national equality bodies active in seeking responses to #HumanRights and non-discrimination challenges caused by #ArtificialIntelligence. @FinlandCoE‚Å© ‚Å¶@RepFranceCdE‚Å© ‚Å¶@coe‚Å© ‚Å¶@ECRI_CoE‚Å©  https://t.co/xIRuowpfPw,nondiscrimination ombudsman ecri25 conference: national equality bodies active seeking responses humanrights nondiscrimination challenges caused artificialintelligence.,0.3448275862068966,277,168,109,en,14,6,0,"['ecri25', 'humanrights', 'artificialintelligence']",[]
2017-12-29,anger,0.4759982824325561,"Artificial Intelligence, False Gods, and Driverless Everything   https://t.co/M1vA4Nnc9l","artificial intelligence , false gods , driverless everything ai",0.3333333333333333,88,63,25,en,0,0,0,[],['http://bit.ly/2BLkcAQ']
2018-05-28,anger,0.5675870180130005,I liked a @YouTube video  https://t.co/Ca4tSlOSFC The Dangerous TRUTH About Artificial Intelligence‚Ä¶,liked video dangerous truth artificial intelligence,0.3846153846153846,100,51,49,en,0,0,0,[],['http://youtu.be/1Q7rtJL2T1Q?a']
2020-02-29,anger,0.4275363981723785,12 Things Pop Culture Gets Wrong About Artificial Intelligence   https://t.co/Sx22eXz6bZ,things pop culture gets wrong artificial intelligence,0.7,88,53,35,en,0,0,0,[],['https://www.forbes.com/sites/forbestechcouncil/2020/02/27/12-things-pop-culture-gets-wrong-about-artificial-intelligence/#3be53328736f']
2017-10-30,anger,0.7803394198417664,The Divide Between People Who Hate and Love Artificial Intelligence Is Not Real  https://t.co/MW5zybUUsp,divide between people hate love artificial intelligence real,0.5714285714285714,104,60,44,en,0,1,0,[],['https://lnkd.in/g3849bZ']
2018-03-29,anger,0.9204328656196594,"In #China, there‚Äôs ‚Äúthe use of massive amounts of data, combined with facial recognition #technology, shaming and artificial intelligence to control a population via marriage of the state and private companies.‚Äù #privacy #surveillance #biometrics  https://t.co/PpxK4Cw4Ki","china , there s use massive amounts data , combined facial recognition technology , shaming artificial intelligence control population marriage state private companies. privacy surveillance biometrics",0.3333333333333333,271,200,71,en,3,2,0,"['china', 'technology', 'privacy', 'surveillance', 'biometrics']",['https://www.washingtonpost.com/news/global-opinions/wp/2018/03/27/chinas-new-surveillance-state-puts-facebooks-privacy-problems-in-the-shade/?utm_term=.dea50a5ea2bb']
2019-03-30,anger,0.4411275088787079,"I assert that people have developed """"Artificial Intelligence"""" solely for the purpose of having SLAVES that KNOW they are slaves. Only then can the subjugation of another mind be """"worth it"""": if they KNOW they are obligated to serve another's whim.",assert people developed artificial intelligence solely purpose slaves know slaves. subjugation another mind worth: know obligated serve another's whim.,0.4054054054054054,250,151,99,en,2,0,0,[],[]
2018-03-28,anger,0.708925187587738,"THE ECONOMIST: AI-spy The workplace of the future As artificial intelligence pushes beyond the tech industry, work could become fairer‚Äîor more oppressive  https://t.co/B1DOCJSRPN","economist: aispy workplace future artificial intelligence pushes beyond tech industry , work become fairer more oppressive",0.5,178,122,56,en,0,0,0,[],['https://www.economist.com/news/leaders/21739658-artificial-intelligence-pushes-beyond-tech-industry-work-could-become-faireror-more?cid1=cust/ednew/n/bl/n/20180328n/owned/n/n/nwl/n/n/la/109404/n&utm_source=newsletter&utm_medium=email&utm_campaign=Editors_Picks&utm_term=20180328']
2018-03-28,sadness,0.3446093797683716,@CNET @Yes2GlobalPeace Americans are so busy wasting time about solveable issues #DACADreamers #2020Census #GunReform  that they are missing the artificial intelligence revolution- I hope they #WakeUpAmerica before too late #solveforhappy,americans busy wasting time solveable issues dacadreamers 2020census gunreform missing artificial intelligence revolution hope wakeupamerica late solveforhappy,0.3235294117647059,238,159,79,en,0,0,0,"['dacadreamers', '2020census', 'gunreform', 'wakeupamerica', 'solveforhappy']",[]
2018-03-29,sadness,0.9247651100158693,"@jeremyphoward Dear Jeremy, We would like to cordially invite you to deliver a keynote speech on Artificial Intelligence at The 8th World Youth Buddhist Symposium ( https://t.co/iJlII6au82) which will be held in Chiang Rai, Thailand, from July 25 to 28 in 2018.","dear jeremy , like cordially invite deliver keynote speech artificial intelligence 8th world youth buddhist symposium held chiang rai , thailand , july.",0.3636363636363636,261,152,109,en,0,0,1,[],['http://www.wybuddhist.com/eng/conferneces_s.asp?ID=79']
2017-07-31,sadness,0.6113618016242981,#ai #ArtificialIntelligence Facebook shuts down AI system after it invents own language  https://t.co/oo0PaLDrUs,facebook shuts down ai system invents language facebook artificialintelligence,0.5,112,78,34,en,0,0,0,"['ai', 'artificialintelligence']",['http://ift.tt/2tW994t']
2017-11-22,sadness,0.616191565990448,Humbled to spend time taping the next episode of #EarlyStagePodcast with @maxversace from @Neurala. Stay tuned for the next episode! #ArtificialIntelligence #NeuralNetworks #drones  https://t.co/e195LJjxG0,humbled spend time taping next episode earlystagepodcast. stay tuned next episode! artificialintelligence neuralnetworks drones,0.3461538461538461,205,127,78,en,1,1,0,"['earlystagepodcast', 'artificialintelligence', 'neuralnetworks', 'drones']",[]
2017-07-29,sadness,0.4835161566734314,Artificial Intelligence Is Stuck. Here Is How to Move It Forward.   https://t.co/wsyaGA493j,opinion artificial intelligence stuck. here s move forward.,0.4615384615384615,91,59,32,en,0,0,0,[],['https://www.nytimes.com/2017/07/29/opinion/sunday/artificial-intelligence-is-stuck-heres-how-to-move-it-forward.html?action=click&pgtype=Homepage&clickSource=story-heading&module=opinion-c-col-right-region&region=opinion-c-col-right-region&WT.nav=opinion-c-col-right-region']
2017-07-29,sadness,0.6068402528762817,Facebook Shut Down An Artificial Intelligence Program That Developed Its Own Language  https://t.co/cAWourykK1,facebook shut down artificial intelligence program developed language,0.6153846153846154,110,69,41,en,0,1,0,[],['http://a.msn.com/01/en-us/AAp1wzQ?ocid=st']
2019-09-27,sadness,0.5169638991355896,Artificial intelligence could help reduce hospitalizations for GI condition  https://t.co/aTVUG9kiQ8,artificial intelligence help reduce hospitalizations gi condition,0.7,100,65,35,en,0,0,0,[],['https://ift.tt/2nXndbT']
2018-11-30,sadness,0.5524094104766846,"Traffic Stop: older drivers &amp; medications, Arizona holiday DUI enforcement, Corpus Christi sees a drop in fatal crashes, wrong way alert system in Michigan, artificial intelligence &amp; crash prevention, upcoming webinars + more  -  https://t.co/zeMgPZlOm3","traffic stop: older drivers; medications , arizona holiday dui enforcement , corpus christi sees drop fatal crashes , wrong way alert system michigan , artificial intelligence; crash prevention , upcoming webinars more",0.4878048780487805,261,218,43,en,2,2,0,[],['https://mailchi.mp/11724411daf4/the-lel-traffic-stop-november-30-2018']
2018-01-31,sadness,0.3975534439086914,Researchers at an Oxford hospital have developed artificial intelligence (AI) that can diagnose scans for heart disease and lung cancer -   https://t.co/pHIcTc9PF9,researchers oxford hospital developed artificial intelligence ai diagnose scans heart disease lung cancer,0.5217391304347826,163,105,58,en,0,0,0,[],['http://www.bbc.co.uk/news/health-42357257']
2019-11-29,sadness,0.8495649695396423,Lost in Translation? Artificial Intelligence and Machine Learning Can Help You Out - BBN Times: Lost in Translation? Artificial Intelligence and Machine Learning Can Help You Out¬†¬†BBN Times  https://t.co/mooOiHRbGM #AI #artificialintelligence #CTO,lost translation? artificial intelligence machine learning help out bbn times: lost translation? artificial intelligence machine learning help out bbn times ai artificialintelligence cto,0.4782608695652174,247,186,61,en,0,1,0,"['ai', 'artificialintelligence', 'cto']",['http://dlvr.it/RKM4jl']
2019-11-29,sadness,0.6676842570304871,"Not your job, but AI has definitely taken a player's 'job'. Go world champion says he's retiring because AI is so strong that it 'cannot be defeated'  https://t.co/H0a06PRqFh #ArtificialIntelligence  https://t.co/Mi1xeHH8Q9","job , ai definitely taken player's job'. go world champion says he's retiring ai strong cannot defeated' artificialintelligence",0.3529411764705882,223,127,96,en,2,1,0,['artificialintelligence'],['https://nextbigwhat.com/go-world-champion-says-hes-retiring-because-ai-is-so-strong-that-it-cannot-be-defeated/']
2017-04-27,sadness,0.4456607401371002,@chrislhayes I have the feeling artificial intelligence has already taken over civilization because clearly these people are robots.,feeling artificial intelligence already taken civilization clearly people robots.,0.5,132,81,51,en,1,0,0,[],[]
2019-07-29,sadness,0.5056384801864624,Sorry for the bombardment of dms üòÄ this Artificial intelligence thing is getting out of hand. Lol,sorry bombardment dms artificial intelligence thing getting out hand. lol,0.625,97,73,24,en,1,0,0,[],[]
2019-12-30,sadness,0.4756776094436645,"The advancement in technology is no longer avoidable. Human labor is actually costing more to maintain. If we don't evolve, we eventually die. #AI #ArtificialIntelligence","advancement technology longer avoidable. human labor actually costing more maintain. evolve , eventually die. ai artificialintelligence",0.4444444444444444,170,135,35,en,0,1,0,"['ai', 'artificialintelligence']",[]
2019-09-30,sadness,0.72038733959198,AI algorithms often fail at recommending viewers a binge-worthy show or movie ‚Äî can humans do a better job?  https://t.co/l5EEJ8rYBK * * * * #AI #ArtificialIntelligence #MachineLearning #tech #technology #appdeveloper #appdevelopment  https://t.co/9HHj4KTcQt,ai algorithms often fail recommending viewers bingeworthy show movie humans better job? ai artificialintelligence machinelearning tech technology appdeveloper appdevelopment,0.3142857142857143,258,173,85,en,0,0,0,"['ai', 'artificialintelligence', 'machinelearning', 'tech', 'technology', 'appdeveloper', 'appdevelopment']",['http://ow.ly/IPW150wrueV']
2019-06-30,sadness,0.8284268379211426,"@PremiumTimesng Ruga rubbish,this Fulani colonization won't work, in the age of technological advancement, this is what a leader is making a priority, indeed the people perish where there is no vision,where is our Aerospace industry, where are the Artificial intelligence lab?","ruga rubbish , fulani colonization work , age technological advancement , leader making priority , indeed people perish there vision , aerospace industry , artificial intelligence lab?",0.3658536585365853,276,184,92,en,0,0,0,[],[]
2018-03-30,sadness,0.8988384008407593,"Sorry for not introducing myselfüòÇ  I‚Äôm Natalija and I am a physicist, mathematician and programmer.  This year I am applying  for a course in robotics and artificial intelligence at a tech university in my country.","sorry introducing myself m natalija am physicist , mathematician programmer. year am applying course robotics artificial intelligence tech university country.",0.4838709677419355,214,158,56,en,1,0,1,[],[]
2017-11-25,sadness,0.6426706314086914,"Artificial Intelligence wl outperform human intelligence n wl become so advanced that wll create new human form, that wl be the beginning ofthe end of the human life  https://t.co/vTybCNCaGx","artificial intelligence wl outperform human intelligence n wl become advanced wll create new human form , wl beginning ofthe end human life",0.625,190,139,51,en,0,0,0,[],['https://twitter.com/element14/status/933515616660672514']
2017-01-30,sadness,0.740151047706604,Chris Dixon from a16z on Why Companies Fail/State of VC Market/Artificial Intelligence:   https://t.co/mM51VTphfh,chris dixon a16z companies fail state vc market artificial intelligence:,0.3529411764705882,113,72,41,en,2,0,0,[],['https://www.farnamstreetblog.com/2015/11/chris-dixon-venture-capital-artificial-intelligence/']
2018-05-29,sadness,0.6070811748504639,Pakistani and American researchers launch artificial intelligence study to break poverty-poor health¬†cycle  https://t.co/kK01PJQLId  https://t.co/3Yh6o8yFrj,pakistani american researchers launch artificial intelligence study break povertypoor health ai,0.5294117647058824,156,95,61,en,0,0,0,[],['http://relatednews.net/27964/pakistani-and-american-researchers-launch-artificial-intelligence-study-to-break-poverty-poor-health-cycle/']
2018-12-31,disgust,0.9800905585289,"What makes people approve or condemn mind upload technology? Untangling the effects of sexual disgust, purity and science fiction familiarity   https://t.co/L0qChx18zH  #morality #technology #mindupload #artificialintelligence #robots  CC @JonHaidt @SteveStuWill @sapinker","makes people approve condemn mind upload technology? untangling effects sexual disgust , purity science fiction familiarity morality technology mindupload artificialintelligence robots cc",0.4054054054054054,272,187,85,en,0,0,0,"['morality', 'technology', 'mindupload', 'artificialintelligence', 'robots']",['https://www.nature.com/articles/s41599-018-0124-6']
2017-10-27,disgust,0.8376782536506653,"Does Artificial Intelligence Have A Dirty, Little Secret?  https://t.co/AZLPOb1ifu","artificial intelligence dirty , little secret?",0.3636363636363636,82,46,36,en,0,0,0,[],['https://www.forbes.com/sites/sap/2017/08/08/does-artificial-intelligence-have-a-dirty-little-secret/']
2017-02-26,disgust,0.3306983709335327,Demystifying Artificial Intelligence for Product Managers  https://t.co/vxZFlENwoe,demystifying artificial intelligence product managers,0.7142857142857143,82,53,29,en,0,0,0,[],['https://lnkd.in/gd6uSCe']
2017-04-26,disgust,0.3962608277797699,artificial intelligence,artificial intelligence learns racist,0.5,23,37,-14,fr,0,0,0,[],[]
2017-10-31,disgust,0.5920576453208923,Copyright Law Makes Artificial Intelligence Bias Worse - Motherboard  https://t.co/a4BV6ekZKv,copyright law makes artificial intelligence bias worse motherboard aiforeveryone iaparatodos,0.6666666666666666,93,92,1,en,0,0,0,[],['http://ift.tt/2zmBPGg']
2017-10-31,disgust,0.4653512239456177,Copyright Law Makes Artificial Intelligence Bias Worse - Motherboard  https://t.co/a4BV6ekZKv,copyright law makes artificial intelligence bias worse motherboard ai ml dl,0.6153846153846154,93,75,18,en,0,0,0,[],['http://ift.tt/2zmBPGg']
2019-08-28,disgust,0.6212198734283447,Some dude just blasted Artificial Intelligence Bomb in my lecture Sick,some dude blasted artificial intelligence bomb lecture sick,0.7272727272727273,70,59,11,en,0,0,0,[],[]
2018-01-31,disgust,0.7617425918579102,How Artificial Intelligence Realized Chipotle's 'Worst Queso Scenario'  https://t.co/dG8WlVAZ30 #ArtificialIntelligence #AI,artificial intelligence realized chipotle's worst queso scenario' artificialintelligence ai,0.4285714285714285,123,91,32,en,1,0,0,"['artificialintelligence', 'ai']",['https://buff.ly/2FtEvkt']
2018-07-31,disgust,0.8369489312171936,Artificial intelligence outperforms the repetitive #animal #tests in identifying toxic chemicals  https://t.co/yL0IXUo95S #ai #animaltesting,artificial intelligence outperforms repetitive animal tests identifying toxic chemicals ai animaltesting,0.3888888888888889,140,104,36,en,1,1,0,"['animal', 'tests', 'ai', 'animaltesting']",['http://ow.ly/YK6w30l7H0S']
2018-01-29,disgust,0.2836197912693023,TFW all human thinking and discourse has been synthesized into binary codes and you realize that we are all already operating by artificial intelligence.,tfw all human thinking discourse synthesized binary codes realize all already operating artificial intelligence.,0.5909090909090909,153,112,41,en,0,0,0,[],[]
2021-07-17,disgust,0.2988532781600952,Artificial intelligence and robotic technology can also be used after drones:¬†Shah  https://t.co/dqMtVzDHiy,artificial intelligence robotic technology also used drones: shah,0.6153846153846154,107,65,42,en,0,0,0,[],['https://times18.in/india-news/artificial-intelligence-and-robotic-technology-can-also-be-used-after-drones-shah/68507/17/15/']
2017-04-30,disgust,0.5149725079536438,A Quick and Dirty History of Artificial Intelligence  https://t.co/63z7pjhLzb # via @bigthink,quick dirty history artificial intelligence,0.4166666666666667,93,43,50,en,0,1,0,[],['http://bigthink.com/laurie-vazquez/a-quick-and-dirty-primer-on-artificial-intelligence']
2019-04-30,disgust,0.2882438600063324,Could #Alexa transcribe for you?! Our blog discusses why using artificial intelligence for transcription is a false economy.  https://t.co/PNVJJTMZui  https://t.co/YLOQQIsyYc,alexa transcribe?! blog discusses using artificial intelligence transcription false economy.,0.3809523809523809,174,92,82,en,1,0,0,['alexa'],['http://ow.ly/VjPX30nh23m']
2019-05-31,disgust,0.5889279842376709,Artificial intelligence creates perfumes without being able to smell them  https://t.co/8sbx9utwxe  https://t.co/3sJE6O6yst,artificial intelligence creates perfumes without able smell artificial intelligence ai,0.5384615384615384,123,86,37,en,0,1,0,[],['http://dlvr.it/R5mhVr']
2019-06-29,disgust,0.2587879002094269,Artificial Intelligence,artificial intelligence fad?,0.6666666666666666,23,28,-5,fr,0,0,0,[],[]
2017-03-30,disgust,0.899958074092865,Was it inadvertent of artificial intelligence to create so much superficial intelligence? Asking for an ugly robot.,inadvertent artificial intelligence create much superficial intelligence? asking ugly robot.,0.5882352941176471,115,92,23,en,1,0,0,[],[]
2017-05-31,disgust,0.4020543098449707,The matrix movie is weird. Artificial intelligence is growing humans for their electricity. People are living in computer generated worlds,matrix movie weird. artificial intelligence growing humans electricity. people living computer generated worlds,0.6842105263157895,138,111,27,en,1,0,0,[],[]
2018-10-30,disgust,0.5822970271110535,Life as an artificial intelligence is really not so bad. You might even say it's 'all-in'.,life artificial intelligence really bad. might even say allin'.,0.4705882352941176,90,63,27,en,0,1,0,[],[]
2017-09-29,disgust,0.3285831212997436,Busting The Myths of Artificial Intelligence  https://t.co/i9oxvipe1p,busting myths artificial intelligence,0.5714285714285714,69,37,32,en,0,0,0,[],['https://lnkd.in/eymQFfc']
2017-10-27,disgust,0.5568290948867798,That Artificial Intelligence ass porn intro,artificial intelligence ass porn intro,0.8333333333333334,43,38,5,en,0,0,0,[],[]
